srv,udn,localidad,estado,tipo
SRV1,Acapulco,ACAPULCO,Guerrero,
SRV2,Cd Carmen,CAMPECHE,Campeche,
SRV3,Veracruz,VERACRUZ,Veracruz,
SRV4,Veracruz,VERACRUZ,Veracruz,
SRV5,Colima,GUADALAJARA,Jalisto,
SRV6,Tabasco,TABASCO,Tabasco,
SRV7,Morelos,MORELOS,Morelos,
SRV8,Tabasco,TABASCO,Tabasco,
SRV10,Oaxaca,OAXACA,Oaxaca,
SRV11,Cancun,CANCUN,Quintana Roo,
SRV12,Cancun,CANCUN,Quintana Roo,
SRV13,Cancun,CANCUN,Quintana Roo,
SRV14,Cancun,CANCUN,Quintana Roo,
SRV15,Chiapas,CHIAPAS,Chiapas,
SRV18,Metropolitana,METROPOLITANA,Ciudad de Mexico,
SRV21,Metropolitana,METROPOLITANA,Ciudad de Mexico,
SRV22,Metropolitana,METROPOLITANA,Ciudad de Mexico,
SRV23,Guadalajara,GUADALAJARA,Jalisto,
SRV25,Puebla,PUEBLA,Puebla,
SRV26,Metropolitana,METROPOLITANA,Ciudad de Mexico,
SRV27,Metropolitana,METROPOLITANA,Ciudad de Mexico,
SRV31,Metropolitana,METROPOLITANA,Ciudad de Mexico,
SRV32,Puebla,PUEBLA,Puebla,
SRV33,Metropolitana,METROPOLITANA,Ciudad de Mexico,
SRV34,Metropolitana,METROPOLITANA,Ciudad de Mexico,
SRV36,Metropolitana,METROPOLITANA,Ciudad de Mexico,
SRV37,Monterrey,MONTERREY,Nuevo Leon,
SRV38,Monterrey,MONTERREY,Nuevo Leon,
SRV39,Mazatlan / Culiacan,MAZATLAN,Tabasco,
SRV42,Metropolitana,METROPOLITANA,Ciudad de Mexico,
SRV44,Metropolitana,METROPOLITANA,Ciudad de Mexico,
SRV45,Metropolitana,METROPOLITANA,Ciudad de Mexico,
SRV46,Metropolitana,METROPOLITANA,Ciudad de Mexico,
SRV47,Metropolitana,METROPOLITANA,Ciudad de Mexico,
SRV48,Metropolitana,METROPOLITANA,Ciudad de Mexico,
SRV49,Metropolitana,METROPOLITANA,Ciudad de Mexico,
SRV50,Metropolitana,METROPOLITANA,Ciudad de Mexico,
SRV51,Metropolitana,METROPOLITANA,Ciudad de Mexico,
SRV52,Metropolitana,METROPOLITANA,Ciudad de Mexico,
SRV53,Metropolitana,METROPOLITANA,Ciudad de Mexico,
SRV56,Metropolitana,METROPOLITANA,Ciudad de Mexico,
SRV57,Metropolitana,METROPOLITANA,Ciudad de Mexico,
SRV59,Metropolitana,METROPOLITANA,Ciudad de Mexico,
SRV60,Metropolitana,METROPOLITANA,Ciudad de Mexico,
SRV61,Metropolitana,METROPOLITANA,Ciudad de Mexico,
SRV62,Morelos,MORELOS,Morelos,
SRV64,Morelos,MORELOS,Morelos,
SRV66,Morelos,MORELOS,Morelos,
SRV67,Morelos,MORELOS,Morelos,
SRV68,Morelos,MORELOS,Morelos,
SRV70,Morelos,MORELOS,Morelos,
SRV72,Morelos,MORELOS,Morelos,
SRV73,Morelos,MORELOS,Morelos,
SRV75,Puebla,PUEBLA,Puebla,
SRV76,Morelos,MORELOS,Morelos,
SRV77,Morelos,MORELOS,Morelos,
SRV78,Morelos,MORELOS,Morelos,
SRV79,Morelos,MORELOS,Morelos,
SRV80,Morelos,MORELOS,Morelos,
SRV81,Puebla,PUEBLA,Puebla,
SRV82,Puebla,PUEBLA,Puebla,
SRV83,Tabasco,TABASCO,Tabasco,
SRV84,Tabasco,TABASCO,Tabasco,
SRV85,Tabasco,TABASCO,Tabasco,
SRV86,Tabasco,TABASCO,Tabasco,
SRV87,Tabasco,TABASCO,Tabasco,
SRV88,Tabasco,TABASCO,Tabasco,
SRV89,Tabasco,TABASCO,Tabasco,
SRV90,Tabasco,TABASCO,Tabasco,
SRV91,Tabasco,TABASCO,Tabasco,
SRV92,Tabasco,TABASCO,Tabasco,
SRV93,Tabasco,TABASCO,Tabasco,
SRV95,Tabasco,TABASCO,Tabasco,
SRV97,Veracruz,VERACRUZ,Veracruz,
SRV98,Puebla,PUEBLA,Puebla,
SRV99,Toluca,TOLUCA,Estado de Mexico,
SRV105,Queretaro,QUERETARO,Queretaro,
SRV108,Monterrey,MONTERREY,Nuevo Leon,
SRV110,Tijuana,TIJUANA,Baja California,
SRV111,Tijuana,TIJUANA,Baja California,
SRV113,Irapuato / Celaya,GUANAJUATO,Guanajuato,
SRV114,Metropolitana,METROPOLITANA,Ciudad de Mexico,
SRV115,Metropolitana,METROPOLITANA,Ciudad de Mexico,
SRV117,Morelos,MORELOS,Morelos,
SRV118,Metropolitana,METROPOLITANA,Ciudad de Mexico,
SRV119,Tijuana,TIJUANA,Baja California,
SRV121,Metropolitana,METROPOLITANA,Ciudad de Mexico,
SRV122,Metropolitana,METROPOLITANA,Ciudad de Mexico,
SRV123,Metropolitana,METROPOLITANA,Ciudad de Mexico,
SRV125,Veracruz,VERACRUZ,Veracruz,
SRV126,Morelos,MORELOS,Morelos,
SRV128,Veracruz,VERACRUZ,Veracruz,
SRV129,Veracruz,VERACRUZ,Veracruz,
SRV130,Veracruz,VERACRUZ,Veracruz,
SRV131,Veracruz,VERACRUZ,Veracruz,
SRV132,Veracruz,VERACRUZ,Veracruz,
SRV133,Veracruz,VERACRUZ,Veracruz,
SRV134,Morelos,MORELOS,Morelos,
SRV135,Morelos,MORELOS,Morelos,
SRV136,Metropolitana,METROPOLITANA,Ciudad de Mexico,
SRV137,Metropolitana,METROPOLITANA,Ciudad de Mexico,
SRV138,Cancun,CANCUN,Quintana Roo,
SRV139,Metropolitana,METROPOLITANA,Ciudad de Mexico,
SRV140,Metropolitana,METROPOLITANA,Ciudad de Mexico,
SRV141,Metropolitana,METROPOLITANA,Ciudad de Mexico,
SRV142,Metropolitana,METROPOLITANA,Ciudad de Mexico,
SRV145,Veracruz,VERACRUZ,Veracruz,
SRV146,Campeche / CD Carmen,CAMPECHE,Campeche,
SRV147,Celaya,GUANAJUATO,Guanajuato,
SRV148,Morelos,MORELOS,Morelos,
SRV149,Metropolitana,METROPOLITANA,Ciudad de Mexico,
SRV153,Toluca,TOLUCA,Estado de Mexico,
SRV154,Mazatlan / Culiacan,MAZATLAN,Tabasco,
SRV155,Saltillo,COAHUILA,Coahuila,
SRV156,Merida,MERIDA,Yucatan,
SRV158,Monterrey,MONTERREY,Nuevo Leon,
SRV159,Guadalajara,GUADALAJARA,Jalisto,
SRV160,Queretaro,QUERETARO,Queretaro,
SRV161,Queretaro,QUERETARO,Queretaro,
SRV163,Baja California Sur,MAZATLAN,Tabasco,
SRV164,Sonora,MAZATLAN,Tabasco,
SRV165,Mazatlan / Culiacan,MAZATLAN,Tabasco,
SRV166,Morelos,MORELOS,Morelos,
SRV167,Morelos,MORELOS,Morelos,
SRV172,Puebla,PUEBLA,Puebla,
SRV173,Puebla,PUEBLA,Puebla,
SRV177,Zacatecas,ZACATECAS,Zacatecas,
SRV178,Puebla,PUEBLA,Puebla,
SRV180,Grajales,GRAJALES,Puebla,
SRV182,Cancun,CANCUN,Quintana Roo,
SRV183,Cancun,CANCUN,Quintana Roo,
SRV186,Metropolitana,METROPOLITANA,Ciudad de Mexico,Maquilado
SRV190,Torreon,TORREON,Coahuila,
SRV192,Hidalgo,HIDALGO,Hidalgo,
SRV195,Cd Carmen,CAMPECHE,Campeche,
SRV196,Cd Carmen,CAMPECHE,Campeche,
SRV198,Tabasco,TABASCO,Tabasco,
SRV199,Tabasco,TABASCO,Tabasco,
SRV200,Tabasco,TABASCO,Tabasco,
SRV201,Chiapas,CHIAPAS,Chiapas,
SRV205,Queretaro,QUERETARO,Queretaro,
SRV206,Toluca,TOLUCA,Estado de Mexico,
SRV207,San Luis Potosi,SLP,San Luis Potosi,
SRV208,Acapulco,ACAPULCO,Guerrero,
SRV209,Veracruz,VERACRUZ,Veracruz,
SRV219,Acapulco,ACAPULCO,Guerrero,
SRV223,Puebla,PUEBLA,Puebla,
SRV224,Irapuato / Celaya,GUANAJUATO,Guanajuato,
SRV225,Hidalgo,HIDALGO,Hidalgo,
SRV229,Irapuato / Celaya,GUANAJUATO,Guanajuato,
SRV230,Metropolitana,METROPOLITANA,Ciudad de Mexico,
SRV231,Toluca,TOLUCA,Estado de Mexico,
SRV233,Tijuana,TIJUANA,Baja California,
SRV235,Morelia,MORELIA,Michoacan,
SRV238,Monterrey,MONTERREY,Nuevo Leon,
SRV239,Hidalgo,HIDALGO,Hidalgo,
SRV240,Hidalgo,HIDALGO,Hidalgo,
SRV241,San Luis Potosi,SLP,San Luis Potosi,
SRV242,Tabasco,TABASCO,Tabasco,
SRV247,Mazatlan / Culiacan,MAZATLAN ,Tabasco,
SRV248,Veracruz,VERACRUZ,Veracruz,
SRV251,Oaxaca,OAXACA,Oaxaca,
SRV256,Guadalajara,GUADALAJARA,Jalisto,
SRV257,Guadalajara,GUADALAJARA,Jalisto,
SRV258,Guadalajara,GUADALAJARA,Jalisto,
SRV259,Guadalajara,GUADALAJARA,Jalisto,
SRV260,Guadalajara,GUADALAJARA,Jalisto,
SRV261,Guadalajara,GUADALAJARA,Jalisto,
SRV262,Metropolitana,METROPOLITANA,Ciudad de Mexico,
SRV263,Metropolitana,METROPOLITANA,Ciudad de Mexico,
SRV264,Metropolitana,METROPOLITANA,Ciudad de Mexico,
SRV266,Monterrey,MONTERREY,Nuevo Leon,
SRV270,Metropolitana,METROPOLITANA,Ciudad de Mexico,
SRV271,Metropolitana,METROPOLITANA,Ciudad de Mexico,
SRV272,Puebla,PUEBLA,Puebla,
SRV273,Torreon,TORREON,Coahuila,
SRV275,Saltillo,COAHUILA,Nuevo Leon,
SRV276,Saltillo,COAHUILA,Coahuila,
SRV277,Saltillo,COAHUILA,Coahuila,
SRV278,Saltillo,COAHUILA,Coahuila,
SRV279,Saltillo,COAHUILA,Coahuila,
SRV280,Monterrey,MONTERREY,Nuevo Leon,
SRV281,Monterrey,MONTERREY,Nuevo Leon,
SRV282,Monterrey,MONTERREY,Nuevo Leon,
SRV283,Tamaulipas,TAMAULIPAS,Tamaulipas,
SRV284,Monterrey,MONTERREY,Nuevo Leon,
SRV285,Tamaulipas,TAMAULIPAS,Tamaulipas,
SRV286,Tamaulipas,TAMAULIPAS,Tamaulipas,
SRV287,Tamaulipas,TAMAULIPAS,Tamaulipas,
SRV288,San Luis Potosi,SLP,San Luis Potosi,
SRV289,Tamaulipas,TAMAULIPAS,Tamaulipas,
SRV290,San Luis Potosi,SLP,San Luis Potosi,
SRV291,San Luis Potosi,SLP,San Luis Potosi,
SRV292,San Luis Potosi,SLP,San Luis Potosi,
SRV293,San Luis Potosi,SLP,San Luis Potosi,
SRV294,San Luis Potosi,SLP,San Luis Potosi,
SRV295,San Luis Potosi,SLP,San Luis Potosi,
SRV296,Monterrey,MONTERREY,Nuevo Leon,
SRV297,Monterrey,MONTERREY,Nuevo Leon,
SRV298,Monterrey,MONTERREY,Nuevo Leon,
SRV299,Monterrey,MONTERREY,Nuevo Leon,
SRV300,Monterrey,MONTERREY,Nuevo Leon,
SRV301,Monterrey,MONTERREY,Nuevo Leon,
SRV302,Torreon,TORREON,Coahuila,
SRV303,Torreon,TORREON,Coahuila,
SRV304,Torreon,TORREON,Coahuila,
SRV305,Durango,TORREON,Coahuila,
SRV307,Durango,TORREON,Coahuila,
SRV312,Durango,TORREON,Coahuila,
SRV313,Saltillo,COAHUILA,Coahuila,
SRV314,Durango,TORREON,Coahuila,
SRV315,Torreon,TORREON,Coahuila,
SRV316,Torreon,TORREON,Coahuila,
SRV317,Torreon,TORREON,Coahuila,
SRV318,Torreon,TORREON,Coahuila,
SRV319,Torreon,TORREON,Coahuila,
SRV320,Torreon,TORREON,Coahuila,
SRV323,Torreon,TORREON,Coahuila,
SRV324,Torreon,TORREON,Coahuila,
SRV326,Torreon,TORREON,Coahuila,
SRV327,San Luis Potosi,SLP,San Luis Potosi,
SRV328,Durango,TORREON,Coahuila,
SRV329,Torreon,TORREON,Coahuila,
SRV330,Torreon,TORREON,Coahuila,
SRV331,Torreon,TORREON,Coahuila,
SRV332,Veracruz,VERACRUZ,Veracruz,
SRV333,Veracruz,VERACRUZ,Veracruz,
SRV334,Veracruz,VERACRUZ,Veracruz,
SRV335,Veracruz,VERACRUZ,Veracruz,
SRV336,Veracruz,VERACRUZ,Veracruz,
SRV337,Veracruz,VERACRUZ,Veracruz,
SRV338,Veracruz,VERACRUZ,Veracruz,
SRV339,Veracruz,VERACRUZ,Veracruz,
SRV340,Veracruz,VERACRUZ,Veracruz,
SRV341,Veracruz,VERACRUZ,Veracruz,
SRV342,Veracruz,VERACRUZ,Veracruz,
SRV343,Veracruz,VERACRUZ,Oaxaca,
SRV345,Cd Carmen,CAMPECHE,Campeche,
SRV346,Tabasco,TABASCO,Tabasco,
SRV347,Tabasco,TABASCO,Tabasco,
SRV348,Cancun,CANCUN,Quintana Roo,
SRV349,Cancun,CANCUN,Quintana Roo,
SRV350,Cancun,CANCUN,Quintana Roo,
SRV351,Cancun,CANCUN,Campeche,
SRV352,Merida,MERIDA,Yucatan,
SRV353,Merida,MERIDA,Yucatan,
SRV354,Campeche / CD Carmen,CAMPECHE,Campeche,
SRV355,Merida,MERIDA,Yucatan,
SRV356,Chiapas,CHIAPAS,Chiapas,
SRV358,Chiapas,CHIAPAS,Chiapas,
SRV359,Chiapas,CHIAPAS,Chiapas,
SRV360,Chiapas,CHIAPAS,Oaxaca,
SRV361,Veracruz,VERACRUZ,Veracruz,
SRV362,Aguascalientes,AGUASCALIENTES,Aguacalientes,
SRV363,Aguascalientes,AGUASCALIENTES,Aguacalientes,
SRV364,Jalisco,GUANAJUATO,Aguacalientes,
SRV365,Irapuato / Celaya,GUANAJUATO,Guanajuato,
SRV366,Irapuato / Celaya,GUANAJUATO,Guanajuato,
SRV367,Irapuato / Celaya,GUANAJUATO,Guanajuato,
SRV369,Celaya,GUANAJUATO,Guanajuato,
SRV370,Zacatecas,ZACATECAS,Zacatecas,
SRV371,Zacatecas,ZACATECAS,Zacatecas,
SRV372,Zacatecas,ZACATECAS,Zacatecas,
SRV373,Zacatecas,ZACATECAS,Zacatecas,
SRV378,Guadalajara,GUADALAJARA,Jalisto,
SRV380,Guadalajara,GUADALAJARA,Jalisto,
SRV381,Guadalajara,GUADALAJARA,Jalisto,
SRV382,Guadalajara,GUADALAJARA,Jalisto,
SRV383,Colima,GUADALAJARA,Jalisto,
SRV384,Guadalajara,GUADALAJARA,Jalisto,
SRV385,Guadalajara,GUADALAJARA,Jalisto,
SRV387,Guadalajara,GUADALAJARA,Jalisto,
SRV388,Guadalajara,GUADALAJARA,Jalisto,
SRV389,Guadalajara,GUADALAJARA,Jalisto,
SRV390,Morelia,MORELIA,Michoacan,
SRV391,Morelia,MORELIA,Michoacan,
SRV392,Morelia,MORELIA,Michoacan,
SRV393,Morelia,MORELIA,Michoacan,
SRV394,Morelia,MORELIA,Michoacan,
SRV395,Morelia,MORELIA,Michoacan,
SRV396,Morelia,MORELIA,Michoacan,
SRV397,Leon,GUANAJUATO,Guanajuato,
SRV398,Leon,GUANAJUATO,Guanajuato,
SRV400,Irapuato / Celaya,GUANAJUATO,Guanajuato,
SRV401,Aguascalientes,AGUASCALIENTES,Aguacalientes,
SRV403,Metropolitana,METROPOLITANA,Ciudad de Mexico,
SRV404,Metropolitana,METROPOLITANA,Ciudad de Mexico,
SRV406,Metropolitana,METROPOLITANA,Ciudad de Mexico,
SRV407,Metropolitana,METROPOLITANA,Ciudad de Mexico,
SRV408,Metropolitana,METROPOLITANA,Ciudad de Mexico,
SRV409,Metropolitana,METROPOLITANA,Ciudad de Mexico,
SRV410,Metropolitana,METROPOLITANA,Ciudad de Mexico,
SRV411,Metropolitana,METROPOLITANA,Ciudad de Mexico,
SRV412,Metropolitana,METROPOLITANA,Ciudad de Mexico,
SRV416,Metropolitana,METROPOLITANA,Ciudad de Mexico,
SRV417,Metropolitana,METROPOLITANA,Ciudad de Mexico,
SRV418,Metropolitana,METROPOLITANA,Ciudad de Mexico,
SRV419,Metropolitana,METROPOLITANA,Ciudad de Mexico,
SRV421,Metropolitana,METROPOLITANA,Ciudad de Mexico,
SRV422,Metropolitana,METROPOLITANA,Ciudad de Mexico,
SRV423,Hidalgo,HIDALGO,Hidalgo,
SRV424,Hidalgo,HIDALGO,Hidalgo,
SRV425,Toluca,TOLUCA,Estado de Mexico,
SRV428,Hidalgo,HIDALGO,Hidalgo,
SRV429,Morelos,MORELOS,Morelos,
SRV430,Morelos,MORELOS,Morelos,
SRV431,Oaxaca,OAXACA,Oaxaca,
SRV432,Oaxaca,OAXACA,Oaxaca,
SRV433,Puebla,PUEBLA,Puebla,
SRV434,Puebla,PUEBLA,Puebla,
SRV435,Puebla,PUEBLA,Puebla,
SRV436,Puebla,PUEBLA,Puebla,
SRV438,Queretaro,QUERETARO,Queretaro,
SRV439,Acapulco,ACAPULCO,Guerrero,
SRV441,Acapulco,ACAPULCO,Guerrero,
SRV442,Acapulco,ACAPULCO,Guerrero,
SRV443,Acapulco,ACAPULCO,Guerrero,
SRV444,Acapulco,ACAPULCO,Guerrero,
SRV445,Acapulco,ACAPULCO,Guerrero,
SRV446,Acapulco,ACAPULCO,Guerrero,
SRV447,Acapulco,ACAPULCO,Guerrero,
SRV448,Acapulco,ACAPULCO,Guerrero,
SRV449,Morelia,MORELIA,Michoacan,
SRV450,Morelia,MORELIA,Michoacan,
SRV451,Oaxaca,OAXACA,Guerrero,
SRV452,Acapulco,ACAPULCO,Guerrero,
SRV453,Culiacan,MAZATLAN,Tabasco,
SRV454,Nayarit,MAZATLAN,Tabasco,
SRV455,Culiacan,MAZATLAN,Tabasco,
SRV456,Culiacan,MAZATLAN,Tabasco,
SRV457,Mazatlan / Culiacan,MAZATLAN,Tabasco,
SRV458,Culiacan,MAZATLAN,Tabasco,
SRV459,Mazatlan / Culiacan,MAZATLAN,Tabasco,
SRV460,Tijuana,TIJUANA,Baja California,
SRV461,Tijuana,TIJUANA,Baja California,
SRV462,Tijuana,TIJUANA,Baja California,
SRV463,Tijuana,TIJUANA,Baja California,
SRV464,Tijuana,TIJUANA,Baja California,
SRV465,Sonora,MAZATLAN,Tabasco,
SRV466,Sonora,MAZATLAN,Tabasco,
SRV467,Culiacan,SINALOA,Sinaloa,
SRV468,Baja California Sur,MAZATLAN,Tabasco,
SRV469,Baja California Sur,MAZATLAN,Tabasco,
SRV470,Torreon,TORREON,Coahuila,
SRV471,Torreon,TORREON,Coahuila,
SRV472,Torreon,TORREON,Coahuila,
SRV473,Chihuahua,CHIHUAHUA,Chihuahua,
SRV475,Chihuahua,CHIHUAHUA,Chihuahua,
SRV476,Chihuahua,CHIHUAHUA,Chihuahua,
SRV477,Chihuahua,CHIHUAHUA,Chihuahua,
SRV478,Chihuahua,CHIHUAHUA,Coahuila,
SRV479,Torreon,TORREON,Coahuila,
SRV480,Torreon,TORREON,Coahuila,
SRV481,Torreon,TORREON,Coahuila,
SRV483,Torreon,TORREON,Coahuila,
SRV484,Torreon,TORREON,Coahuila,
SRV485,Metropolitana,METROPOLITANA,Ciudad de Mexico,
SRV486,Torreon,TORREON,Coahuila,
SRV487,Hidalgo,HIDALGO,Hidalgo,Maquilado
SRV488,Queretaro,QUERETARO,Queretaro,Maquilado
SRV489,Metropolitana,METROPOLITANA,Ciudad de Mexico,
SRV490,Metropolitana,METROPOLITANA,Ciudad de Mexico,
SRV491,Metropolitana,METROPOLITANA,Ciudad de Mexico,
SRV492,Metropolitana,METROPOLITANA,Ciudad de Mexico,
SRV493,Metropolitana,METROPOLITANA,Ciudad de Mexico,
SRV494,Metropolitana,METROPOLITANA,Ciudad de Mexico,
SRV496,Metropolitana,METROPOLITANA,Ciudad de Mexico,
SRV497,Metropolitana,METROPOLITANA,Ciudad de Mexico,
SRV498,Campeche / CD Carmen,CAMPECHE,Campeche,
SRV499,Cd Carmen,CAMPECHE,Campeche,
SRV500,Tabasco,TABASCO,Tabasco,
SRV501,Tabasco,TABASCO,Tabasco,
SRV502,Tabasco,TABASCO,Tabasco,
SRV503,Tabasco,TABASCO,Tabasco,
SRV504,Cancun,CANCUN,Quintana Roo,
SRV505,Cancun,CANCUN,Quintana Roo,
SRV506,Cancun,CANCUN,Quintana Roo,
SRV507,Cancun,CANCUN,Quintana Roo,
SRV508,Cancun,CANCUN,Quintana Roo,
SRV509,Cancun,CANCUN,Quintana Roo,
SRV510,Cancun,CANCUN,Quintana Roo,
SRV511,Cancun,CANCUN,Quintana Roo,
SRV512,Cancun,CANCUN,Quintana Roo,
SRV513,Cancun,CANCUN,Quintana Roo,
SRV514,Celaya,GUANAJUATO,Guanajuato,
SRV515,Celaya,GUANAJUATO,Guanajuato,
SRV516,Irapuato / Celaya,GUANAJUATO,Guanajuato,
SRV519,Queretaro,QUERETARO,Queretaro,
SRV522,Morelos,MORELOS,Morelos,
SRV523,Morelos,MORELOS,Morelos,
SRV524,Morelos,MORELOS,Morelos,
SRV525,Morelos,MORELOS,Morelos,
SRV526,Morelos,MORELOS,Morelos,
SRV527,Morelos,MORELOS,Morelos,
SRV530,Veracruz,VERACRUZ,Veracruz,
SRV531,Veracruz,VERACRUZ,Veracruz,
SRV532,Veracruz,VERACRUZ,Veracruz,
SRV533,Veracruz,VERACRUZ,Veracruz,
SRV534,Veracruz,VERACRUZ,Veracruz,
SRV535,Veracruz,VERACRUZ,Veracruz,
SRV538,Veracruz,VERACRUZ,Veracruz,
SRV539,Veracruz,VERACRUZ,Veracruz,
SRV540,Veracruz,VERACRUZ,Veracruz,
SRV541,Veracruz,VERACRUZ,Veracruz,
SRV543,Puebla,PUEBLA,Puebla,
SRV544,Puebla,PUEBLA,Puebla,
SRV545,Puebla,PUEBLA,Puebla,
SRV546,Puebla,PUEBLA,Puebla,
SRV548,Puebla,PUEBLA,Puebla,
SRV549,Puebla,PUEBLA,Puebla,
SRV550,Tamaulipas,TAMAULIPAS,Nuevo Leon,
SRV552,Merida,MERIDA ,Yucatan,
SRV553,Merida,MERIDA ,Yucatan,
SRV554,Guadalajara,GUADALAJARA,Jalisto,
SRV555,Guadalajara,GUADALAJARA,Jalisto,
SRV556,Guadalajara,GUADALAJARA,Jalisto,
SRV557,Guadalajara,GUADALAJARA,Jalisto,
SRV558,Guadalajara,GUADALAJARA,Jalisto,
SRV559,Colima,GUADALAJARA,Jalisto,
SRV560,Guadalajara,GUADALAJARA,Jalisto,
SRV561,Guadalajara,GUADALAJARA,Jalisto,
SRV562,Guadalajara,GUADALAJARA,Jalisto,
SRV563,Guadalajara,GUADALAJARA,Jalisto,
SRV564,Guadalajara,GUADALAJARA,Jalisto,
SRV566,Colima,GUADALAJARA,Jalisto,
SRV567,Guadalajara,GUADALAJARA,Jalisto,
SRV568,Nayarit,GUADALAJARA,Jalisto,
SRV569,Guadalajara,GUADALAJARA,Jalisto,
SRV570,Guadalajara,GUADALAJARA,Jalisto,
SRV571,Guadalajara,GUADALAJARA,Jalisto,
SRV573,Guadalajara,GUADALAJARA,Jalisto,
SRV574,Guadalajara,GUADALAJARA,Jalisto,
SRV575,Guadalajara,GUADALAJARA,Jalisto,
SRV576,Guadalajara,GUADALAJARA,Jalisto,
SRV577,Guadalajara,GUADALAJARA,Jalisto,
SRV578,Guadalajara,GUADALAJARA,Jalisto,
SRV579,Guadalajara,GUADALAJARA,Jalisto,
SRV580,Guadalajara,GUADALAJARA,Jalisto,
SRV581,Chiapas,CHIAPAS,Chiapas,
SRV582,Tabasco,TABASCO,Chiapas,
SRV583,Chiapas,CHIAPAS,Chiapas,
SRV584,Chiapas,CHIAPAS,Chiapas,
SRV585,Chiapas,CHIAPAS,Chiapas,
SRV586,Hidalgo,HIDALGO,Hidalgo,
SRV587,Hidalgo,HIDALGO,Hidalgo,
SRV592,Hidalgo,HIDALGO,Hidalgo,
SRV594,Hidalgo,HIDALGO,Hidalgo,
SRV595,Hidalgo,HIDALGO,Hidalgo,
SRV596,Tamaulipas,TAMAULIPAS,Tamaulipas,
SRV597,Hidalgo,HIDALGO,Hidalgo,
SRV599,Hidalgo,HIDALGO,Hidalgo,
SRV600,Hidalgo,HIDALGO,Hidalgo,
SRV601,Tijuana,TIJUANA,Baja California,
SRV602,Tijuana,TIJUANA,Baja California,
SRV603,Tijuana,TIJUANA,Baja California,
SRV606,Tijuana,TIJUANA,Baja California,
SRV607,Tijuana,TIJUANA,Baja California,
SRV608,Tijuana,TIJUANA,Baja California,
SRV609,Tijuana,TIJUANA,Baja California,
SRV612,Tijuana,TIJUANA,Baja California,
SRV613,Tijuana,TIJUANA,Baja California,
SRV617,Acapulco,ACAPULCO,Guerrero,
SRV619,Acapulco,ACAPULCO,Guerrero,
SRV620,Chiapas,CHIAPAS,Oaxaca,
SRV621,Oaxaca,OAXACA,Oaxaca,
SRV622,Oaxaca,OAXACA,Oaxaca,
SRV623,Chiapas,CHIAPAS,Chiapas,
SRV624,Morelia,MORELIA,Michoacan,
SRV625,Morelia,MORELIA,Michoacan,
SRV626,Morelia,MORELIA,Michoacan,
SRV627,Morelia,MORELIA,Michoacan,
SRV628,Morelia,MORELIA,Michoacan,
SRV629,Morelia,MORELIA,Michoacan,
SRV631,Morelia,MORELIA,Michoacan,
SRV632,Morelia,MORELIA,Michoacan,
SRV633,Metropolitana,METROPOLITANA,Ciudad de Mexico,
SRV634,Metropolitana,METROPOLITANA,Ciudad de Mexico,
SRV635,Metropolitana,METROPOLITANA,Ciudad de Mexico,
SRV636,Campeche / CD Carmen,CAMPECHE,Campeche,
SRV637,Tabasco,TABASCO,Tabasco,
SRV639,Tabasco,TABASCO,Tabasco,
SRV640,Cancun,CANCUN,Quintana Roo,
SRV641,Cancun,CANCUN,Quintana Roo,
SRV642,Cancun,CANCUN,Quintana Roo,
SRV643,Cancun,CANCUN,Quintana Roo,
SRV644,Cancun,CANCUN,Quintana Roo,
SRV645,Cancun,CANCUN,Quintana Roo,
SRV647,Queretaro,QUERETARO,Queretaro,
SRV648,Morelos,MORELOS,Morelos,
SRV649,Morelos,MORELOS,Morelos,
SRV650,Veracruz,VERACRUZ,Veracruz,
SRV651,Veracruz,VERACRUZ,Veracruz,
SRV652,Veracruz,VERACRUZ,Veracruz,
SRV653,Veracruz,VERACRUZ,Veracruz,
SRV654,Veracruz,VERACRUZ,Veracruz,
SRV655,Puebla,PUEBLA,Puebla,
SRV657,Guadalajara,GUADALAJARA,Jalisto,
SRV658,Guadalajara,GUADALAJARA,Jalisto,
SRV659,Guadalajara,GUADALAJARA,Jalisto,
SRV660,Guadalajara,GUADALAJARA,Jalisto,
SRV661,Morelia,MORELIA,Jalisto,
SRV662,Nayarit,GUADALAJARA,Jalisto,
SRV663,Guadalajara,GUADALAJARA,Jalisto,
SRV664,Chiapas,CHIAPAS,Chiapas,
SRV665,Chiapas,CHIAPAS,Chiapas,
SRV666,Tabasco,TABASCO,Tlaxcala,
SRV667,Chiapas,CHIAPAS,Chiapas,
SRV668,Chiapas,CHIAPAS,Chiapas,
SRV669,Chiapas,CHIAPAS,Chiapas,
SRV670,Hidalgo,HIDALGO,Hidalgo,
SRV672,Metropolitana,METROPOLITANA,Ciudad de Mexico,
SRV674,Tijuana,TIJUANA,Baja California,
SRV675,Tijuana,TIJUANA,Baja California,
SRV676,Tijuana,TIJUANA,Baja California,
SRV677,Tijuana,TIJUANA,Baja California,
SRV679,Tijuana,TIJUANA,Baja California,
SRV680,Tijuana,TIJUANA,Baja California,
SRV681,Tijuana,TIJUANA,Baja California,
SRV682,Tijuana,TIJUANA,Baja California,
SRV684,Tijuana,TIJUANA,Baja California,
SRV685,Acapulco,ACAPULCO,Guerrero,
SRV686,Acapulco,ACAPULCO,Guerrero,
SRV687,Acapulco,ACAPULCO,Guerrero,
SRV688,Acapulco,ACAPULCO,Guerrero,
SRV689,Oaxaca,OAXACA,Oaxaca,
SRV690,Acapulco,ACAPULCO,Oaxaca,
SRV691,Chiapas,CHIAPAS,Oaxaca,
SRV692,Morelia,MORELIA,Michoacan,
SRV693,Morelia,MORELIA,Michoacan,
SRV694,Morelia,MORELIA,Michoacan,
SRV695,Tijuana,TIJUANA,Baja California,
SRV696,Veracruz,VERACRUZ,Veracruz,
SRV697,Merida,MERIDA ,Yucatan,
SRV699,Metropolitana,METROPOLITANA,Ciudad de Mexico,
SRV700,Cd Carmen,CAMPECHE,Campeche,
SRV701,Metropolitana,METROPOLITANA,Ciudad de Mexico,
SRV702,Acapulco,ACAPULCO,Guerrero,
SRV703,Acapulco,ACAPULCO,Guerrero,
SRV704,Cancun,CANCUN,Quintana Roo,
SRV705,Metropolitana,METROPOLITANA,Ciudad de Mexico,
SRV706,Metropolitana,METROPOLITANA,Ciudad de Mexico,
SRV707,Metropolitana,METROPOLITANA,Ciudad de Mexico,
SRV708,Metropolitana,METROPOLITANA,Ciudad de Mexico,
SRV709,Metropolitana,METROPOLITANA,Ciudad de Mexico,
SRV710,Metropolitana,METROPOLITANA,Ciudad de Mexico,
SRV711,Metropolitana,METROPOLITANA,Ciudad de Mexico,
SRV712,Metropolitana,METROPOLITANA,Ciudad de Mexico,
SRV713,Metropolitana,METROPOLITANA,Ciudad de Mexico,
SRV714,Metropolitana,METROPOLITANA,Ciudad de Mexico,
SRV716,Sonora,MAZATLAN,Tabasco,
SRV718,Monterrey,MONTERREY,Nuevo Leon,
SRV719,Culiacan,MAZATLAN,Tabasco,
SRV720,Torreon,TORREON,Coahuila,
SRV722,Guadalajara,GUADALAJARA,Jalisto,
SRV723,Metropolitana,METROPOLITANA,Ciudad de Mexico,
SRV730,Chihuahua,CHIHUAHUA,Chihuahua,
SRV731,Metropolitana,METROPOLITANA,Ciudad de Mexico,
SRV732,Durango,TORREON,Coahuila,
SRV734,Leon,GUANAJUATO,Guanajuato,
SRV735,Merida,MERIDA,Yucatan,
SRV736,Monterrey,MONTERREY,Nuevo Leon,
SRV737,Oaxaca,OAXACA,Oaxaca,
SRV738,Puebla,PUEBLA,Puebla,
SRV739,Toluca,TOLUCA,Estado de Mexico,
SRV740,Metropolitana,METROPOLITANA,Ciudad de Mexico,
SRV741,Veracruz,VERACRUZ,Veracruz,
SRV743,Metropolitana,METROPOLITANA,Ciudad de Mexico,
SRV744,Metropolitana,METROPOLITANA,Ciudad de Mexico,
SRV746,Puebla,PUEBLA,Puebla,
SRV748,Queretaro,QUERETARO,Queretaro,
SRV749,Queretaro,QUERETARO,Queretaro,
SRV750,Irapuato / Celaya,GUANAJUATO,Guanajuato,
SRV751,Culiacan,MAZATLAN,Tabasco,
SRV753,Aguascalientes,AGUASCALIENTES,Aguacalientes,
SRV754,Guadalajara,GUADALAJARA,Jalisto,
SRV755,Queretaro,QUERETARO,Queretaro,
SRV756,Morelos,MORELOS,Morelos,
SRV758,Merida,MERIDA,Yucatan,
SRV759,Metropolitana,METROPOLITANA,Ciudad de Mexico,
SRV760,Metropolitana,METROPOLITANA,Ciudad de Mexico,
SRV761,Metropolitana,METROPOLITANA,Ciudad de Mexico,
SRV762,Metropolitana,METROPOLITANA,Ciudad de Mexico,
SRV763,Veracruz,VERACRUZ,Veracruz,
SRV764,Metropolitana,METROPOLITANA,Ciudad de Mexico,
SRV767,Tlaxcala,PUEBLA,Puebla,
SRV768,Torreon,TORREON,Coahuila,
SRV770,Chiapas,CHIAPAS,Chiapas,
SRV771,Sonora,MAZATLAN,Tabasco,
SRV772,Cancun,CANCUN,Quintana Roo,
SRV773,Torreon,TORREON,Coahuila,
SRV774,Metropolitana,METROPOLITANA,Ciudad de Mexico,
SRV775,Torreon,TORREON,Coahuila,
SRV776,Guadalajara,GUADALAJARA,Jalisto,
SRV777,Torreon,TORREON,Coahuila,
SRV778,Guadalajara,GUADALAJARA,Jalisto,
SRV779,Custodias,DIVISION CUSTODIAS,Division Custodias,
SRV780,Custodias,DIVISION CUSTODIAS,Division Custodias,
SRV781,Custodias,DIVISION CUSTODIAS,Division Custodias,
SRV782,Custodias,DIVISION CUSTODIAS,Division Custodias,
SRV783,Custodias,DIVISION CUSTODIAS,Division Custodias,
SRV784,Custodias,DIVISION CUSTODIAS,Division Custodias,
SRV785,Custodias,DIVISION CUSTODIAS,Division Custodias,
SRV786,Custodias,DIVISION CUSTODIAS,Division Custodias,
SRV787,Custodias,DIVISION CUSTODIAS,Division Custodias,
SRV788,Custodias,DIVISION CUSTODIAS,Division Custodias,
SRV789,Custodias,DIVISION CUSTODIAS,Division Custodias,
SRV791,Hidalgo,HIDALGO,Hidalgo,
SRV793,Guadalajara,GUADALAJARA,Jalisto,
SRV794,Guadalajara,GUADALAJARA,Jalisto,
SRV796,Queretaro,QUERETARO,Queretaro,
SRV797,Puebla,PUEBLA,Puebla,
SRV799,San Luis Potosi,SLP,San Luis Potosi,
SRV800,Veracruz,VERACRUZ,Veracruz,
SRV801,Metropolitana,METROPOLITANA,Ciudad de Mexico,
SRV803,Custodias,DIVISION CUSTODIAS,Division Custodias,
SRV804,Custodias,DIVISION CUSTODIAS,Division Custodias,
SRV805,Cancun,CANCUN,Quintana Roo,
SRV806,Metropolitana,METROPOLITANA,Ciudad de Mexico,
SRV807,Monterrey,MONTERREY,Nuevo Leon,
SRV810,Veracruz,VERACRUZ,Veracruz,
SRV811,Toluca,TOLUCA,Estado de Mexico,
SRV812,Metropolitana,METROPOLITANA,Ciudad de Mexico,
SRV813,Monterrey,MONTERREY,Nuevo Leon,
SRV814,Veracruz,VERACRUZ,Veracruz,
SRV815,Aguascalientes,AGUASCALIENTES,Aguacalientes,
SRV816,Metropolitana,METROPOLITANA,Ciudad de Mexico,
SRV817,Metropolitana,METROPOLITANA,Ciudad de Mexico,
SRV819,Morelos,MORELOS,Morelos,
SRV820,Saltillo,COAHUILA,Coahuila,
SRV821,Toluca,METROPOLITANA,Ciudad de Mexico,
SRV823,Cancun,CANCUN,Quintana Roo,
SRV826,Metropolitana,METROPOLITANA,Ciudad de Mexico,
SRV827,Queretaro,QUERETARO,Queretaro,
SRV828,Metropolitana,METROPOLITANA,Ciudad de Mexico,
SRV829,Metropolitana,METROPOLITANA,Ciudad de Mexico,
SRV830,Metropolitana,METROPOLITANA,Ciudad de Mexico,
SRV831,Metropolitana,METROPOLITANA,Ciudad de Mexico,
SRV832,Metropolitana,METROPOLITANA,Ciudad de Mexico,
SRV833,Puebla,PUEBLA,Puebla,
SRV834,Puebla,PUEBLA,Puebla,
SRV835,Morelos,MORELOS,Morelos,
SRV836,Morelos,MORELOS,Morelos,
SRV837,Metropolitana,METROPOLITANA,Ciudad de Mexico,
SRV839,Morelia,MORELIA,Guanajuato,
SRV840,Metropolitana,METROPOLITANA,Ciudad de Mexico,
SRV842,Metropolitana,METROPOLITANA,Ciudad de Mexico,
SRV844,Metropolitana,METROPOLITANA,Ciudad de Mexico,
SRV846,Monterrey,MONTERREY,Nuevo Leon,
SRV847,Queretaro,QUERETARO,Queretaro,
SRV848,Metropolitana,METROPOLITANA,Ciudad de Mexico,
SRV849,Toluca,TOLUCA,Ciudad de Mexico,
SRV851,Monterrey,MONTERREY,Nuevo Leon,
SRV852,Metropolitana,METROPOLITANA,Ciudad de Mexico,
SRV854,Metropolitana,METROPOLITANA,Ciudad de Mexico,
SRV855,Aguascalientes,AGUASCALIENTES,Aguacalientes,
SRV856,Metropolitana,METROPOLITANA,Ciudad de Mexico,
SRV857,Guadalajara,GUADALAJARA,Jalisto,Maquilado
SRV858,Mazatlan / Culiacan,MAZATLAN,Sinaloa,Maquilado
SRV859,Puebla,PUEBLA,Puebla,
SRV860,Puebla,PUEBLA,Puebla,
SRV861,Puebla,PUEBLA,Puebla,
SRV862,Puebla,PUEBLA,Puebla,
SRV863,Puebla,PUEBLA,Puebla,
SRV864,Metropolitana,METROPOLITANA,Ciudad de Mexico,Maquilado
SRV865,Metropolitana,METROPOLITANA,Ciudad de Mexico,Maquilado
SRV866,Metropolitana,METROPOLITANA,Ciudad de Mexico,Maquilado
SRV867,Metropolitana,METROPOLITANA,Ciudad de Mexico,Maquilado
SRV868,Toluca,TOLUCA,Estado de Mexico,
SRV869,Toluca,TOLUCA,Estado de Mexico,
SRV870,Puebla,PUEBLA,Puebla,
SRV871,Puebla,PUEBLA,Puebla,
SRV872,Puebla,PUEBLA,Puebla,
SRV873,Custodias,DIVISION CUSTODIAS,Division Custodias,
SRV874,Mazatlan / Culiacan,MAZATLAN,Tabasco,
SRV877,Metropolitana,METROPOLITANA,Ciudad de Mexico,
SRV878,Puebla,PUEBLA,Puebla,
SRV879,Morelos,MORELOS,Hidalgo,
SRV880,Mazatlan / Culiacan,MAZATLAN,Sinaloa,
SRV881,Metropolitana,METROPOLITANA,Estado de Mexico,
SRV887,Veracruz,VERACRUZ,Veracruz,
SRV888,Tijuana,TIJUANA,Baja California,
SRV890,Metropolitana,METROPOLITANA,Ciudad de Mexico,
SRV891,Morelos,MORELOS,Morelos,
SRV893,Acapulco,ACAPULCO,Guerrero,
SRV895,Guadalajara,GUADALAJARA,Jalisto,
SRV896,Guadalajara,GUADALAJARA,Jalisto,
SRV897,Toluca,TOLUCA,Estado de Mexico,
SRV898,Queretaro,QUERETARO,Queretaro,
SRV901,Guadalajara,GUADALAJARA,Jalisto,
SRV902,Metropolitana,METROPOLITANA,Ciudad de Mexico,
SRV903,Corporativo,GUANAJUATO,Guanajuato,
SRV904,Irapuato / Celaya,GUANAJUATO,Guanajuato,
SRV905,Toluca,TOLUCA,Estado de Mexico,
SRV906,Metropolitana,METROPOLITANA,Ciudad de Mexico,
SRV907,Puebla,PUEBLA,Puebla,
SRV908,Zacatecas,ZACATECAS,Zacatecas,
SRV908,Zacatecas,ZACATECAS,Zacatecas,
SRV910,Morelia,MORELIA,Michoacan,
SRV911,Merida,MERIDA,Yucatan,
SRV912,Morelos,MORELOS,Morelos,
SRV914,Irapuato / Celaya,GUANAJUATO,Guanajuato,
SRV915,Toluca,TOLUCA,Estado de Mexico,
SRV916,Corporativo,GUANAJUATO,Guanajuato,
SRV917,Tabasco,TABASCO,Tabasco,
SRV919,Hidalgo,HIDALGO,Hidalgo,
SRV920,Aguascalientes,AGUASCALIENTES,Aguacalientes,
SRV924,Campeche / CD Carmen,CAMPECHE,Campeche,
SRV925,Guadalajara,GUADALAJARA,Jalisto,
SRV926,Tijuana,TIJUANA,Baja California,
SRV927,Chihuahua,CHIHUAHUA,Chihuahua,
SRV928,Chihuahua,CHIHUAHUA,Chihuahua,
SRV929,Metropolitana,METROPOLITANA,Ciudad de Mexico,
SRV930,Metropolitana,METROPOLITANA,Ciudad de Mexico,
SRV931,Torreon,TORREON,Coahuila,
SRV932,Toluca,TOLUCA,Estado de Mexico,
SRV933,Guadalajara,GUADALAJARA,Jalisto,
SRV934,Monterrey,MONTERREY,Nuevo Leon,
SRV935,Monterrey,MONTERREY,Nuevo Leon,
SRV936,Puebla,PUEBLA,Puebla,
SRV937,San Luis Potosi,SLP,San Luis Potosi,
SRV938,Culiacan,MAZATLAN,Sinaloa,
SRV939,Mazatlan / Culiacan,MAZATLAN,Sinaloa,
SRV940,Culiacan,Sinaloa,Sinaloa,
SRV941,Sonora,MAZATLAN,Sonora,
SRV942,Tamaulipas,MONTERREY,Tamaulipas,
SRV943,Monterrey,MONTERREY,Tamaulipas,
SRV945,Guadalajara,GUADALAJARA,Jalisto,
SRV946,Morelia,MORELIA,Michoacan,
SRV947,Monterrey,MONTERREY,Nuevo Leon,
SRV948,Guadalajara,GUADALAJARA,Jalisto,
SRV949,Morelia,MORELIA,Michoacan,
SRV950,Monterrey,MONTERREY,Nuevo Leon,
SRV951,Monterrey,MONTERREY,Tamaulipas,
SRV952,Tamaulipas,TAMAULIPAS,Tamaulipas,
SRV953,Tijuana,TIJUANA,Baja California,
SRV954,Tijuana,TIJUANA,Baja California,
SRV955,Guadalajara,GUADALAJARA,Jalisto,
SRV956,Irapuato / Celaya,GUANAJUATO,Guanajuato,
SRV958,Metropolitana,METROPOLITANA,Estado de Mexico,
SRV960,Metropolitana,METROPOLITANA,Ciudad de Mexico,
SRV961,Toluca,TOLUCA,Estado de Mexico,
SRV965,Guadalajara,GUADALAJARA,Jalisto,
SRV966,Puebla,PUEBLA,Puebla,
SRV967,Queretaro,QUERETARO,Queretaro,
SRV969,Monterrey,MONTERREY,Tamaulipas,
SRV971,Guadalajara,GUADALAJARA,Jalisto,
SRV972,Merida,MERIDA,Yucatan,
SRV973,Metropolitana,METROPOLITANA,Estado de Mexico,
SRV974,Baja California Sur,MAZATLAN,Sinaloa,
SRV975,Tijuana,TIJUANA,Baja California,
SRV977,Corporativo,GUANAJUATO,Guanajuato,
SRV978,Aguascalientes,AGUASCALIENTES,Aguacalientes,
SRV981,Metropolitana,METROPOLITANA,Ciudad de Mexico,
SRV982,Monterrey,MONTERREY,Nuevo Leon,
SRV984,Monterrey,MONTERREY,Nuevo Leon,
SRV985,Metropolitana,METROPOLITANA,Ciudad de Mexico,
SRV986,Mazatlan / Culiacan,MAZATLAN,Sinaloa,
SRV987,Morelia,MORELIA,Michoacan,
SRV988,Puebla,PUEBLA,Puebla,
SRV989,Puebla,PUEBLA,Puebla,
SRV990,Metropolitana,METROPOLITANA,Ciudad de Mexico,
SRV991,Puebla,PUEBLA,Puebla,
SRV993,Metropolitana,METROPOLITANA,Ciudad de Mexico,
SRV994,Metropolitana,METROPOLITANA,Ciudad de Mexico,
SRV996,Tijuana,TIJUANA,Baja California,
SRV997,Metropolitana,METROPOLITANA,Ciudad de Mexico,
SRV998,Metropolitana,METROPOLITANA,Ciudad de Mexico,
SRV999,Mazatlan / Culiacan,MAZATLAN,Sinaloa,
SRV1000,Queretaro,QUERETARO,Queretaro,
SRV1001,Chiapas,CHIAPAS,Chihuahua,
SRV1003,Puebla,PUEBLA,Puebla,
SRV1005,Metropolitana,DIVISION CUSTODIAS,Ciudad de Mexico,
SRV1006,Metropolitana,METROPOLITANA,Ciudad de Mexico,
SRV1007,Metropolitana,METROPOLITANA,Ciudad de Mexico,
SRV1008,Metropolitana,METROPOLITANA,Ciudad de Mexico,
SRV1010,Metropolitana,METROPOLITANA,Estado de Mexico,
SRV1011,Metropolitana,METROPOLITANA,Ciudad de Mexico,
SRV1012,Guadalajara,GUADALAJARA,Jalisto,
SRV1014,Queretaro,QUERETARO,Queretaro,
SRV1015,Corporativo,GUANAJUATO,Guanajuato,
SRV1016,Corporativo,GUANAJUATO,Guanajuato,
SRV1017,Metropolitana,METROPOLITANA,Ciudad de Mexico,
SRV1018,Metropolitana,METROPOLITANA,Ciudad de Mexico,
SRV1020,Metropolitana,METROPOLITANA,Estado de Mexico,
SRV1021,Guadalajara,GUADALAJARA,Jalisto,
SRV1022,Acapulco,ACAPULCO,Guerrero,
SRV1023,Morelia,MORELIA,Michoacan,
SRV1024,Metropolitana,METROPOLITANA,Estado de Mexico,
SRV1025,Metropolitana,METROPOLITANA,Ciudad de Mexico,
SRV1026,Queretaro,QUERETARO,Queretaro,
SRV1027,Metropolitana,METROPOLITANA,Ciudad de Mexico,
SRV1029,Morelos,MORELOS,Morelos,
SRV1030,Veracruz,VERACRUZ,Veracruz,
SRV1031,Metropolitana,METROPOLITANA,Ciudad de Mexico,
SRV1032,Metropolitana,METROPOLITANA,Estado de Mexico,
SRV1035,Irapuato / Celaya,GUANAJUATO,Guanajuato,
SRV1036,Puebla,PUEBLA,Puebla,
SRV1038,Metropolitana,METROPOLITANA,Ciudad de Mexico,
SRV1039,Tamaulipas,TAMAULIPAS,Tamaulipas,
SRV1042,Morelia,MORELIA,Michoacan,
SRV1045,Cd Carmen,CAMPECHE,Campeche,
SRV1047,Queretaro,QUERETARO,Queretaro,
SRV1048,Celaya,GUANAJUATO,Guanajuato,
SRV1049,Puebla,PUEBLA,Tlaxcala,
SRV1050,Aguascalientes,AGUASCALIENTES,Aguacalientes,
SRV1051,Mazatlan / Culiacan,MAZATLAN,Baja California Sur,
SRV1052,Toluca,TOLUCA,Estado de Mexico,
SRV1053,Metropolitana,METROPOLITANA,Ciudad de Mexico,
SRV1054,Veracruz,VERACRUZ,Veracruz,
SRV1059,Metropolitana,METROPOLITANA,Ciudad de Mexico,
SRV1060,Leon,GUANAJUATO,Guanajuato,
SRV1061,Merida,MERIDA,Yucatan,
SRV1062,Mazatlan / Culiacan,MAZATLAN,Baja California Sur,
SRV1063,Metropolitana,METROPOLITANA,Ciudad de Mexico,
SRV1064,Tabasco,TABASCO,Tabasco,
SRV1065,Tabasco,TABASCO,Tabasco,
SRV1066,Monterrey,MONTERREY,Nuevo Leon,
SRV1067,Merida,MERIDA,Yucatan,
SRV1068,Chiapas,CHIAPAS,Oaxaca,
SRV1070,Queretaro,QUERETARO,Queretaro,
SRV1071,Metropolitana,METROPOLITANA,Ciudad de Mexico,
SRV1073,Monterrey,MONTERREY,Nuevo Leon,
SRV1074,Metropolitana,METROPOLITANA,Ciudad de Mexico,
SRV1075,Metropolitana,METROPOLITANA,Ciudad de Mexico,
SRV1076,Cancun,CANCUN,Quintana Roo,
SRV1077,Puebla,PUEBLA,Puebla,
SRV1078,Aguascalientes,AGUASCALIENTES,Aguacalientes,Maquilado
SRV1079,Metropolitana,METROPOLITANA,Ciudad de Mexico,
SRV1081,Chiapas,CHIAPAS,Chiapas,
SRV1084,Metropolitana,METROPOLITANA,Ciudad de Mexico,
SRV1085,Metropolitana,METROPOLITANA,Queretaro,
SRV1086,Durango,TORREON,Coahuila,
SRV1088,Cancun,CANCUN,Quintana Roo,
SRV1091,Puebla,PUEBLA,Puebla,
SRV1092,Guadalajara,GUADALAJARA,Jalisto,
SRV1093,Guadalajara,GUADALAJARA,Jalisto,
SRV1094,Celaya,GUANAJUATO,Guanajuato,
SRV1100,Puebla,PUEBLA,Puebla,
SRV1102,Metropolitana,METROPOLITANA,Estado de Mexico,
SRV1107,Culiacan,MAZATLAN,Sinaloa,
SRV1108,Guadalajara,GUADALAJARA,Jalisto,
SRV1111,Hidalgo,HIDALGO,Hidalgo,
SRV1113,Chihuahua,CHIHUAHUA,Chihuahua,
SRV1114,Aguascalientes,AGUASCALIENTES,Aguacalientes,
SRV1115,Irapuato / Celaya,GUANAJUATO,Guanajuato,
SRV1116,Torreon,TORREON,Coahuila,
SRV1117,Irapuato / Celaya,GUANAJUATO,Guanajuato,
SRV1118,Torreon,TORREON,Coahuila,
SRV1119,Queretaro,QUERETARO,Queretaro,
SRV1121,Queretaro,QUERETARO,Queretaro,
SRV1122,Queretaro,QUERETARO,Queretaro,
SRV1125,Veracruz,VERACRUZ,Veracruz,
SRV1126,Irapuato / Celaya,GUANAJUATO,Guanajuato,
SRV1127,Metropolitana,METROPOLITANA,Ciudad de Mexico,
SRV1128,Torreon,TORREON,Durango,
SRV1136,Metropolitana,METROPOLITANA,Ciudad de Mexico,
SRV1140,Aguascalientes,AGUASCALIENTES,Aguacalientes,Maquilado
SRV1141,Metropolitana,METROPOLITANA,Ciudad de Mexico,Maquilado
SRV1143,Metropolitana,METROPOLITANA,Ciudad de Mexico,Maquilado
SRV1144,Metropolitana,METROPOLITANA,Ciudad de Mexico,Maquilado
SRV1145,Metropolitana,METROPOLITANA,Ciudad de Mexico,Maquilado
SRV1146,Metropolitana,METROPOLITANA,Ciudad de Mexico,Maquilado
SRV1147,Veracruz,VERACRUZ,Veracruz,
SRV1149,Corporativo,GUANAJUATO,Guanajuato,
SRV1152,Cancun,CANCUN,Quintana Roo,
SRV1156,Monterrey,MONTERREY,Nuevo Leon,
SRV1157,Veracruz,VERACRUZ,Veracruz,
SRV1158,Guadalajara,GUADALAJARA,Jalisto,
SRV1160,Queretaro,QUERETARO,Queretaro,
SRV1161,Guadalajara,GUADALAJARA,Jalisto,
SRV1162,Metropolitana,METROPOLITANA,Ciudad de Mexico,
SRV1163,Metropolitana,METROPOLITANA,Ciudad de Mexico,
SRV1164,Merida,MERIDA,Yucatan,
SRV1165,Cancun,CANCUN,Quintana Roo,
SRV1166,Culiacan,MAZATLAN,Sinaloa,
SRV1167,Torreon,TORREON,Coahuila,
SRV1169,Metropolitana,METROPOLITANA,Ciudad de Mexico,
SRV1170,Puebla,PUEBLA,Puebla,
SRV1171,Corporativo,GUANAJUATO,Guanajuato,
SRV1172,Zacatecas,ZACATECAS,Zacatecas,
SRV1173,Metropolitana,METROPOLITANA,Ciudad de Mexico,
SRV1174,Hidalgo,HIDALGO,Hidalgo,
SRV1176,Metropolitana,METROPOLITANA,Ciudad de Mexico,
SRV1177,Metropolitana,METROPOLITANA,Estado de Mexico,
SRV1178,Metropolitana,METROPOLITANA,Ciudad de Mexico,
SRV1180,Chihuahua,CHIHUAHUA,Chihuahua,
SRV1182,Puebla,PUEBLA,Puebla,
SRV1184,Metropolitana,METROPOLITANA,Estado de Mexico,
SRV1185,Metropolitana,METROPOLITANA,Ciudad de Mexico,
SRV1186,Metropolitana,METROPOLITANA,Ciudad de Mexico,
SRV1187,Metropolitana,METROPOLITANA,Ciudad de Mexico,
SRV1190,Cancun,CANCUN,Quintana Roo,
SRV1191,Metropolitana,METROPOLITANA,Estado de Mexico,
SRV1193,Metropolitana,METROPOLITANA,Ciudad de Mexico,
SRV1195,Veracruz,VERACRUZ,Veracruz,
SRV1197,Morelia,METROPOLITANA,Ciudad de Mexico,
SRV1198,Monterrey,VERACRUZ,Veracruz,
SRV1199,Metropolitana,METROPOLITANA,Ciudad de Mexico,
SRV1200,Queretaro,QUERETARO,Queretaro,
SRV1201,Metropolitana,METROPOLITANA,Ciudad de Mexico,
SRV1202,Torreon,TORREON,Coahuila,
SRV1203,Merida,MERIDA,Yucatan,
SRV1204,Torreon,TORREON,Coahuila,
SRV1208,Custodias,MAZATLAN,Sinaloa,
SRV1209,Aguascalientes,AGUASCALIENTES,Aguacalientes,Maquilado
SRV1210,Metropolitana,METROPOLITANA,Ciudad de Mexico,
SRV1211,Metropolitana,METROPOLITANA,Ciudad de Mexico,
SRV1212,Irapuato / Celaya,GUANAJUATO,Guanajuato,
SRV1216,Cancun,CANCUN,Quintana Roo,
SRV1218,Chiapas,CHIAPAS,Chiapas,
SRV1219,Cancun,CANCUN,Quintana Roo,
SRV1220,Cancun,CANCUN,Quintana Roo,
SRV1221,Guadalajara,GUADALAJARA,Jalisto,
SRV1223,Morelos,MORELOS,Morelos,
SRV1225,Hidalgo,HIDALGO,Estado de Mexico,
SRV1227,Toluca,TOLUCA,Estado de Mexico,
SRV1228,Cancun,CANCUN,Quintana Roo,
SRV1229,Cancun,CANCUN,Quintana Roo,
SRV1230,Guadalajara,GUADALAJARA,Jalisto,
SRV1231,Veracruz,VERACRUZ,Veracruz,
SRV1232,Zacatecas,ZACATECAS,Zacatecas,
SRV1233,Tabasco,TABASCO,Tabasco,
SRV1234,Tabasco,TABASCO,Tabasco,
SRV1235,Metropolitana,METROPOLITANA,Estado de Mexico,
SRV1237,Metropolitana,METROPOLITANA,Ciudad de Mexico,
SRV1238,Puebla,PUEBLA,Puebla,
SRV1240,Metropolitana,METROPOLITANA,Ciudad de Mexico,
SRV1242,Nayarit,GUADALAJARA,Nayarit,
SRV1243,Culiacan,MAZATLAN,Sonora,
SRV1245,Torreon,TORREON,Coahuila,
SRV1246,Metropolitana,METROPOLITANA,Ciudad de Mexico,
SRV1247,Irapuato / Celaya,GUANAJUATO,Guanajuato,
SRV1249,Metropolitana,METROPOLITANA,Ciudad de Mexico,
SRV1250,Aguascalientes,AGUASCALIENTES,Aguacalientes,
SRV1253,Monterrey,MONTERREY,Nuevo Leon,
SRV1255,Aguascalientes,AGUASCALIENTES,Aguacalientes,
SRV1268,Metropolitana,METROPOLITANA,Estado de Mexico,
SRV1270,Metropolitana,METROPOLITANA,Estado de Mexico,
SRV1271,Metropolitana,METROPOLITANA,Estado de Mexico,
SRV1272,Metropolitana,METROPOLITANA,Estado de Mexico,
SRV1273,Metropolitana,METROPOLITANA,Estado de Mexico,
SRV1274,Metropolitana,METROPOLITANA,Ciudad de Mexico,
SRV1275,Metropolitana,METROPOLITANA,Ciudad de Mexico,
SRV1276,Metropolitana,METROPOLITANA,Ciudad de Mexico,
SRV1277,Metropolitana,METROPOLITANA,Ciudad de Mexico,
SRV1278,Monterrey,MONTERREY,Nuevo Leon,
SRV1279,Puebla,PUEBLA,Puebla,
SRV1280,Merida,MERIDA,Yucatan,
SRV1281,Colima,GUADALAJARA,Colima,
SRV1282,Metropolitana,METROPOLITANA,Ciudad de Mexico,
SRV1283,Metropolitana,METROPOLITANA,Ciudad de Mexico,
SRV1284,Metropolitana,METROPOLITANA,Ciudad de Mexico,
SRV1285,Metropolitana,METROPOLITANA,Ciudad de Mexico,
SRV1288,Irapuato / Celaya,GUANAJUATO,Guanajuato,
SRV1291,Queretaro,QUERETARO,Queretaro,
SRV1293,Aguascalientes,AGUASCALIENTES,Aguacalientes,
SRV1294,Monterrey,MONTERREY,Nuevo Leon,
SRV1297,Guadalajara,GUADALAJARA,Jalisto,
SRV1299,Merida,MERIDA,Yucatan,
SRV1300,Aguascalientes,AGUASCALIENTES,Aguacalientes,
SRV1301,Leon,GUANAJUATO,Guanajuato,
SRV1302,Leon,GUANAJUATO,Guanajuato,
SRV1303,Tabasco,TABASCO,Tabasco,
SRV1304,Veracruz,VERACRUZ,Veracruz,
SRV1305,Chiapas,CHIAPAS,Chiapas,
SRV1306,Culiacan,SINALOA,Sinaloa,
SRV1307,Monterrey,MONTERREY,Nuevo Leon,
SRV1308,Guadalajara,GUADALAJARA,Jalisto,
SRV1313,Veracruz,VERACRUZ,Veracruz,
SRV1314,Veracruz,VERACRUZ,Veracruz,
SRV1315,Cancun,CANCUN,Quintana Roo,
SRV1316,Veracruz,ZACATECAS,Veracruz,
SRV1318,Metropolitana,METROPOLITANA,Ciudad de Mexico,
SRV1321,Celaya,GUANAJUATO,Guanajuato,
SRV1322,Tijuana,TIJUANA,Baja California,
SRV1323,Guadalajara,GUADALAJARA,Jalisto,
SRV1325,Monterrey,MONTERREY,Nuevo Leon,
SRV1326,Metropolitana,METROPOLITANA,Ciudad de Mexico,
SRV1327,Metropolitana,METROPOLITANA,Ciudad de Mexico,
SRV1328,Metropolitana,METROPOLITANA,Ciudad de Mexico,
SRV1329,Metropolitana,METROPOLITANA,Ciudad de Mexico,
SRV1330,Metropolitana,METROPOLITANA,Ciudad de Mexico,
SRV1331,Metropolitana,METROPOLITANA,Ciudad de Mexico,
SRV1332,Hidalgo,HIDALGO,Hidalgo,
SRV1333,Metropolitana,METROPOLITANA,Durango,
SRV1334,Merida,MERIDA,Yucatan,
SRV1336,Saltillo,COAHUILA,Coahuila,
SRV1338,Tabasco,TABASCO,Tabasco,
SRV1341,Aguascalientes,AGUASCALIENTES,Aguacalientes,
SRV1342,Guadalajara,GUADALAJARA,Jalisto,
SRV1344,Tamaulipas,TAMAULIPAS,Tamaulipas,
SRV1345,Morelia,MORELIA,Michoacan,
SRV1346,Queretaro,QUERETARO,Queretaro,
SRV1347,Morelos,MORELOS,Morelos,
SRV1348,Hidalgo,HIDALGO,Hidalgo,
SRV1349,Oaxaca,OAXACA,Oaxaca,
SRV1350,Puebla,PUEBLA,Puebla,
SRV1351,Veracruz,VERACRUZ,Veracruz,
SRV1352,Veracruz,VERACRUZ,Veracruz,
SRV1353,Veracruz,VERACRUZ,Veracruz,
SRV1354,Tabasco,TABASCO,Tabasco,
SRV1355,Metropolitana,METROPOLITANA,Estado de Mexico,
SRV1356,Metropolitana,METROPOLITANA,Ciudad de Mexico,
SRV1358,Cancun,CANCUN,Quintana Roo,
SRV1359,Monterrey,MONTERREY,Nuevo Leon,
SRV1360,Metropolitana,METROPOLITANA,Estado de Mexico,
SRV1362,Metropolitana,METROPOLITANA,Ciudad de Mexico,
SRV1364,Veracruz,VERACRUZ,Veracruz,
SRV1365,Metropolitana,METROPOLITANA,Ciudad de Mexico,
SRV1366,Hidalgo,HIDALGO,Hidalgo,
SRV1367,Guadalajara,GUADALAJARA,Jalisto,
SRV1368,Aguascalientes,AGUASCALIENTES,Aguacalientes,
SRV1369,Saltillo,COAHUILA,Coahuila,
SRV1370,Irapuato / Celaya,GUANAJUATO,Guanajuato,
SRV1371,Metropolitana,METROPOLITANA,Estado de Mexico,
SRV1372,Morelos,MORELOS,Morelos,
SRV1373,Guadalajara,GUADALAJARA,Jalisto,
SRV1374,Queretaro,QUERETARO,Queretaro,
SRV1376,Tamaulipas,TAMAULIPAS,Veracruz,
SRV1377,Custodias,DIVISION CUSTODIAS,Estado de Mexico,
SRV1378,Tabasco,TABASCO,Tabasco,
SRV1379,Veracruz,VERACRUZ,Veracruz,
SRV1380,Veracruz,VERACRUZ,Veracruz,
SRV1382,Queretaro,QUERETARO,Queretaro,
SRV1383,Queretaro,QUERETARO,Queretaro,
SRV1386,Cancun,CANCUN,Quintana Roo,
SRV1387,Puebla,PUEBLA,Puebla,
SRV1388,Hidalgo,HIDALGO,Hidalgo,
SRV1389,Hidalgo,HIDALGO,Hidalgo,
SRV1390,Guadalajara,GUADALAJARA,Jalisto,
SRV1391,Torreon,TORREON,Coahuila,
SRV1392,Chihuahua,CHIHUAHUA,Chihuahua,
SRV1393,Hidalgo,HIDALGO,Hidalgo,
SRV1394,Cancun,CANCUN,Quintana Roo,
SRV1395,Morelia,MORELIA,Michoacan,
SRV1396,Veracruz,VERACRUZ,Veracruz,
SRV1397,Cancun,CANCUN,Quintana Roo,
SRV1398,Aguascalientes,AGUASCALIENTES,Aguacalientes,
SRV1399,Aguascalientes,AGUASCALIENTES,Aguacalientes,
SRV1400,Aguascalientes,AGUASCALIENTES,Aguacalientes,
SRV1401,Grajales,GRAJALES,Puebla,
SRV1402,Tabasco,TABASCO,Tabasco,
SRV1403,Custodias,DIVISION CUSTODIAS,Ciudad de Mexico,
SRV1404,Metropolitana,METROPOLITANA,Ciudad de Mexico,
SRV1405,Guadalajara,GUADALAJARA,Jalisto,
SRV1406,Metropolitana,METROPOLITANA,Ciudad de Mexico,
SRV1407,Metropolitana,METROPOLITANA,Ciudad de Mexico,
SRV1408,Tijuana,TIJUANA,Baja California,
SRV1409,Tijuana,TIJUANA,Baja California,
SRV1410,Tijuana,TIJUANA,Baja California,
SRV1411,Tijuana,TIJUANA,Baja California,
SRV1412,Tijuana,TIJUANA,Baja California,
SRV1413,Tijuana,TIJUANA,Baja California,
SRV1414,Culiacan,SINALOA,Sinaloa,
SRV1415,San Luis Potosi,SLP,San Luis Potosi,
SRV1416,Tamaulipas,TAMAULIPAS,Tamaulipas,
SRV1417,Metropolitana,METROPOLITANA,Estado de Mexico,
SRV1418,Metropolitana,METROPOLITANA,Estado de Mexico,
SRV1419,San Luis Potosi,SLP,San Luis Potosi,
SRV1421,Irapuato / Celaya,GUANAJUATO,Guanajuato,
SRV1422,Monterrey,MONTERREY,Nuevo Leon,
SRV1423,Toluca,TOLUCA,Estado de Mexico,
SRV1424,Chihuahua,CHIHUAHUA,Chihuahua,
SRV1425,Guadalajara,GUADALAJARA,Jalisto,
SRV1426,Tabasco,TABASCO,Tabasco,
SRV1427,Cancun,CANCUN,Quintana Roo,
SRV1428,Puebla,PUEBLA,Puebla,
SRV1429,Puebla,PUEBLA,Tlaxcala,
SRV1430,Puebla,PUEBLA,Puebla,
SRV1431,Morelia,MORELIA,Michoacan,
SRV1432,Merida,MERIDA,Yucatan,
SRV1433,Metropolitana,METROPOLITANA,Ciudad de Mexico,
SRV1434,Guadalajara,GUADALAJARA,Jalisto,
SRV1435,Puebla,PUEBLA,Puebla,
SRV1436,Durango,TORREON,Durango,
SRV1437,Irapuato / Celaya,GUANAJUATO,Guanajuato,
SRV1438,Tabasco,TABASCO,Tabasco,
SRV1440,Acapulco,DIVISION CUSTODIAS,Division Custodias,
SRV1441,Metropolitana,METROPOLITANA,Ciudad de Mexico,
SRV1442,Toluca,TOLUCA,Estado de Mexico,
SRV1443,Metropolitana,METROPOLITANA,Ciudad de Mexico,
SRV1444,Metropolitana,METROPOLITANA,Ciudad de Mexico,
SRV1445,Custodias,DIVISION CUSTODIAS,Guerrero,
SRV1446,San Luis Potosi,SLP,San Luis Potosi,
SRV1447,Puebla,PUEBLA,Puebla,
SRV1448,Saltillo,COAHUILA,Coahuila,
SRV1449,Tijuana,TIJUANA,Baja California,
SRV1450,Irapuato / Celaya,GUANAJUATO,Guanajuato,
SRV1451,Torreon,TORREON,Durango,
SRV1452,Irapuato / Celaya,GUANAJUATO,Guanajuato,
SRV1453,Tabasco,TABASCO,Tabasco,
SRV1454,Puebla,PUEBLA,Puebla,
SRV1455,Zacatecas,ZACATECAS,Zacatecas,
SRV1456,Metropolitana,METROPOLITANA,Ciudad de Mexico,
SRV1457,Metropolitana,METROPOLITANA,Ciudad de Mexico,
SRV1458,Metropolitana,METROPOLITANA,Ciudad de Mexico,
SRV1459,Metropolitana,METROPOLITANA,Ciudad de Mexico,
SRV1460,Puebla,PUEBLA,Puebla,
SRV1461,Metropolitana,METROPOLITANA,Ciudad de Mexico,
SRV1462,Guadalajara,GUADALAJARA,Jalisto,
SRV1463,Morelia,MORELIA,Michoacan,
SRV1464,Zacatecas,ZACATECAS,Zacatecas,
SRV1465,Veracruz,VERACRUZ,Veracruz,
SRV1466,Veracruz,VERACRUZ,Veracruz,
SRV1467,Veracruz,VERACRUZ,Veracruz,
SRV1468,Tabasco,TABASCO,Tabasco,
SRV1469,Tabasco,TABASCO,Tabasco,
SRV1470,Hidalgo,HIDALGO,Hidalgo,
SRV1471,Morelia,MORELIA,Michoacan,
SRV1472,Morelia,MORELIA,Michoacan,
SRV1473,Puebla,PUEBLA,Puebla,
SRV1474,Puebla,PUEBLA,Puebla,
SRV1475,Acapulco,ACAPULCO,Guerrero,
SRV1476,Tabasco,TABASCO,Tabasco,
SRV1477,Puebla,PUEBLA,Puebla,
SRV1478,Acapulco,ACAPULCO,Quintana Roo,
SRV1483,Tabasco,TABASCO,Tabasco,
SRV1484,Tabasco,TABASCO,Tabasco,
SRV1485,Aguascalientes,AGUASCALIENTES,Aguacalientes,
SRV1487,Tijuana,TIJUANA,Baja California,
SRV1488,Metropolitana,METROPOLITANA,Estado de Mexico,
SRV1489,Tabasco,TABASCO,Tabasco,
SRV1490,Morelos,MORELOS,Morelos,
SRV1491,Tijuana,TIJUANA,Baja California,
SRV1492,Aguascalientes,AGUASCALIENTES,Aguacalientes,
SRV1493,Aguascalientes,AGUASCALIENTES,Aguacalientes,
SRV1494,Aguascalientes,AGUASCALIENTES,Aguacalientes,
SRV1495,Aguascalientes,AGUASCALIENTES,Aguacalientes,
SRV1496,Veracruz,VERACRUZ,Veracruz,
SRV1497,Veracruz,VERACRUZ,Veracruz,
SRV1498,Metropolitana,METROPOLITANA,Estado de Mexico,
SRV1499,Hidalgo,HIDALGO,Hidalgo,
SRV1500,Veracruz,VERACRUZ,Veracruz,
SRV1501,Oaxaca,OAXACA,Oaxaca,
SRV1502,Acapulco,ACAPULCO,Guerrero,
SRV1503,Tijuana,TIJUANA,Baja California,
SRV1504,Merida,MERIDA,Yucatan,
SRV1506,Tamaulipas,TAMAULIPAS,Tamaulipas,
SRV1507,Tamaulipas,TAMAULIPAS,Tamaulipas,
SRV1508,Tamaulipas,TAMAULIPAS,Tamaulipas,
SRV1509,Tamaulipas,TAMAULIPAS,Tamaulipas,
SRV1510,Morelos,MORELOS,Morelos,
SRV1511,Chihuahua,CHIHUAHUA,Chihuahua,
SRV1512,Chihuahua,CHIHUAHUA,Chihuahua,
SRV1513,Acapulco,ACAPULCO,Guerrero,
SRV1514,Morelia,MORELIA,Michoacan,
SRV1515,Metropolitana,METROPOLITANA,Estado de Mexico,
SRV1521,Custodias,DIVISION CUSTODIAS,Nuevo Leon,
SRV1522,Custodias,DIVISION CUSTODIAS,Coahuila,
SRV1523,Queretaro,QUERETARO,Queretaro,
SRV1524,Custodias,DIVISION CUSTODIAS,Estado de Mexico,
SRV1525,Cancun,CANCUN,Quintana Roo,
SRV1526,Metropolitana,METROPOLITANA,Estado de Mexico,
SRV1528,Custodias,DIVISION CUSTODIAS,Morelos,
SRV1529,Custodias,DIVISION CUSTODIAS,Morelos,
SRV1530,Custodias,DIVISION CUSTODIAS,Morelos,
SRV1532,Metropolitana,METROPOLITANA,Ciudad de Mexico,
SRV1533,Veracruz,VERACRUZ,Veracruz,
SRV1534,Custodias,DIVISION CUSTODIAS,Puebla,
SRV1536,Cancun,CANCUN,Quintana Roo,
SRV1537,Cancun,CANCUN,Quintana Roo,
SRV1538,Metropolitana,METROPOLITANA,Ciudad de Mexico,
SRV1539,Cancun,CANCUN,Quintana Roo,
SRV1540,Puebla,PUEBLA,Puebla,
SRV1541,Culiacan,Sinaloa,Sinaloa,
SRV1542,Tampico,Tamaulipas,Veracruz,
SRV1543,Tampico,Tampico,Veracruz,
SRV1544,Proteccion ejecutiva,Staff,Ciudad de Mexico,
SRV1545,Torreon,Torreon,Coahuila,
SRV1546,Metropolitana,Metropolitana,Estado de Mexico,
SRV1547,Metropolitana,Metropolitana,Ciudad de Mexico,
SRV1548,Metropolitana,Metropolitana,Ciudad de Mexico,
SRV1549,Metropolitana,Metropolitana,Ciudad de Mexico,
SRV1550,Guadalajara,Guadalajara,Jalisto,
SRV1551,Guadalajara,Guadalajara,Jalisto,
SRV1552,Tampico,Tamaulipas,Veracruz,
SRV1553,Tijuana,Tijuana,Baja California,
SRV1554,Custodias,Custodias,Estado de Mexico,
SRV1555,Custodias,Custodias,Jalisto,
SRV1556,Custodias,Custodias,Chiapas,
SRV1557,Custodias,Custodias,Puebla,
SRV1558,Custodias,Custodias,Guerrero,
SRV1559,Custodias,Custodias,Coahuila,
SRV1560,Custodias,Custodias,Division Custodias,
SRV1561,Cancun,Cancun,Quintana Roo,
SRV1562,Cancun,Cancun,Quintana Roo,
SRV1563,Queretaro,Queretaro,Aguacalientes,
SRV1564,Queretaro,Queretaro,Queretaro,
SRV1565,Proteccion ejecutiva,Staff,Ciudad de Mexico,
SRV1566,Merida,Merida,Yucatan,
SRV1567,Merida,Merida,Yucatan,
SRV1569,Custodias,Custodias,Puebla,
SRV1570,Monterrey,Monterrey,Nuevo Leon,
SRV1571,Monterrey,Monterrey,Nuevo Leon,
SRV1572,Morelos,Morelos,Morelos,
SRV1573,Metropolitana,Metropolitana,Estado de Mexico,
SRV1574,Guadalajara,Guadalajara,Jalisto,
SRV1575,Aguascalientes,Aguascalientes,Aguacalientes,
SRV1576,San Luis Potosi,San Luis Potosi,San Luis Potosi,
SRV1577,Queretaro,Queretaro,Queretaro,
SRV1578,Zacatecas,Zacatecas,Zacatecas,
SRV1579,Metropolitana,Metropolitana,Estado de Mexico,
SRV1581,Hidalgo,Hidalgo,Hidalgo,
SRV1582,Chihuahua,Chihuahua,Chihuahua,
SRV1583,Chihuahua,Chihuahua,Chihuahua,
SRV1584,Chihuahua,Chihuahua,Ciudad de Mexico,
SRV1585,Metropolitana,Metropolitana,Estado de Mexico,
SRV1586,Campeche / CD Carmen,Campeche / CD Carmen,Campeche,
SRV1587,San Luis Potosi,San Luis Potosi,San Luis Potosi,
SRV1588,Tamaulipas,Tamaulipas,Tamaulipas,
SRV1589,Metropolitana,Metropolitana,Estado de Mexico,
SRV1590,Veracruz,Veracruz,Veracruz,
SRV1591,Toluca,Toluca,Estado de Mexico,
SRV1592,Leon,Leon,Guanajuato,
SRV1593,Metropolitana,Metropolitana,Ciudad de Mexico,
SRV1594,Aguascalientes,Aguascalientes,Aguacalientes,
SRV1595,Proyectos,Proyectos,Ciudad de Mexico,
SRV1596,Tijuana,Tijuana,Baja California,
SRV1597,Mazatlan / Culiacan,Mazatlan / Culiacan,Sonora,